episode,return,epsilon_end,total_steps,wall_clock_seconds,loss_mean,loss_count
1,-12.727272727272982,0.998423,250,5.68362021446228,0.0,0
2,-49.152542372882124,0.9968396666666667,500,11.769964933395386,0.0,0
3,-57.51633986928178,0.9952563333333333,750,17.59361505508423,0.0,0
4,-52.05479452054856,0.993673,1000,23.957672357559204,0.0,0
5,-52.89855072463807,0.9920896666666666,1250,29.684383153915405,0.0,0
6,-27.00729927007306,0.9905063333333334,1500,35.30405330657959,0.0,0
7,-26.282051282051217,0.988923,1750,41.14660453796387,0.0,0
8,-38.848920863309814,0.9873396666666666,2000,46.98789572715759,0.0,0
9,-55.39033457249126,0.9857563333333333,2250,52.852195501327515,0.0,0
10,-42.17687074829951,0.984173,2500,58.66979503631592,0.0,0
11,-44.852941176471035,0.9825896666666667,2750,65.12125253677368,0.0,0
12,-52.54237288135627,0.9810063333333333,3000,70.86607456207275,0.0,0
13,-56.521739130435236,0.979423,3250,77.26204228401184,0.0,0
14,-30.131004366812256,0.9778396666666667,3500,82.75330471992493,0.0,0
15,-67.97153024911073,0.9762563333333333,3750,88.50391173362732,0.0,0
16,-36.61971830985958,0.974673,4000,94.25183200836182,0.0,0
17,-31.888544891640862,0.9730896666666666,4250,100.19024348258972,0.0,0
18,-31.740614334471204,0.9715063333333334,4500,105.89777207374573,0.0,0
19,-68.08510638297906,0.969923,4750,111.65002131462097,0.0,0
20,-66.04938271604988,0.9683396666666667,5000,118.34017181396484,0.4676276445388794,1
21,-58.217270194986924,0.9667563333333333,5250,126.33501505851746,0.8319871159233153,250
22,-71.32616487455213,0.965173,5500,133.35708618164062,0.6151019306629896,250
23,-28.125000000000043,0.9635896666666667,5750,140.5154745578766,0.5864467464238405,250
24,-77.27272727272717,0.9620063333333333,6000,147.58847379684448,0.621401175826788,250
25,-4.942965779467535,0.960423,6250,154.65219283103943,0.6201167694106698,250
26,-63.210702341137704,0.9588396666666666,6500,161.80493021011353,0.5839941764324903,250
27,-72.22222222222237,0.9572563333333334,6750,169.15394043922424,0.5759249061644077,250
28,-70.68403908794812,0.955673,7000,176.6936821937561,0.5462258486226201,250
29,-61.038961038961595,0.9540896666666667,7250,183.833247423172,0.5545718418434262,250
30,-34.027777777777864,0.9525063333333333,7500,190.7426540851593,0.5459461507871747,250
31,-39.50177935943099,0.950923,7750,198.21164917945862,0.606982539460063,250
32,-34.718100890207886,0.9493396666666667,8000,205.59703278541565,0.5425227934867144,250
33,-58.45697329376904,0.9477563333333333,8250,212.94353771209717,0.6368388952165842,250
34,-23.312883435582762,0.946173,8500,220.50703406333923,0.5268379202485085,250
35,-19.999999999999858,0.9445896666666667,8750,227.4558732509613,0.565915081962943,250
36,-42.12218649517713,0.9430063333333334,9000,234.5557587146759,0.6019768397063017,250
37,-26.91029900332223,0.941423,9250,241.74426245689392,0.6213760905712843,250
38,-66.197183098592,0.9398396666666666,9500,249.15594720840454,0.5889121541455388,250
39,-52.54237288135627,0.9382563333333334,9750,256.3174467086792,0.614977031648159,250
40,-20.245398773006002,0.936673,10000,263.71973633766174,0.58302018648386,250
41,-51.04895104895155,0.9350896666666667,10250,271.1392858028412,0.6198887164369226,250
42,-3.34572490706302,0.9335063333333333,10500,278.27105689048767,0.6803926317542791,250
43,-34.70790378006908,0.9319230000000001,10750,285.36652541160583,0.6449253596365452,250
44,-67.53246753246792,0.9303396666666667,11000,292.6467070579529,0.6542825058996677,250
45,-16.107382550335288,0.9287563333333333,11250,299.9417767524719,0.6426368731111288,250
46,-51.80722891566332,0.927173,11500,307.53419303894043,0.6733649169206619,250
47,-37.50000000000015,0.9255896666666666,11750,314.92526936531067,0.6971973766982555,250
48,-76.27118644067784,0.9240063333333334,12000,322.05870032310486,0.6270143971145153,250
49,-20.68965517241378,0.922423,12250,329.33476424217224,0.7464756728708744,250
50,-50.0000000000004,0.9208396666666667,12500,336.53063106536865,0.7089596511572599,250
51,-66.41791044776161,0.9192563333333333,12750,343.757461309433,0.7204154800623656,250
52,-62.84829721362287,0.917673,13000,351.2367422580719,0.6837304725944996,250
53,-24.290220820189983,0.9160896666666667,13250,358.7852931022644,0.7587138218432665,250
54,-35.06493506493539,0.9145063333333333,13500,366.1647846698761,0.7158522238135338,250
55,59.836065573770256,0.912923,13750,373.4263994693756,0.7606373119354248,250
56,-34.931506849315205,0.9113396666666667,14000,380.7073197364807,0.7527706884741783,250
57,-58.860759493671374,0.9097563333333334,14250,388.098947763443,0.8862623022496701,250
58,-41.176470588235745,0.908173,14500,395.2326202392578,0.85949974706769,250
59,-47.91666666666709,0.9065896666666666,14750,402.25567507743835,0.7757338574677706,250
60,-47.76119402985108,0.9050063333333334,15000,409.41427516937256,0.7709341358840466,250
61,-73.59735973597367,0.903423,15250,416.8884780406952,0.8908124563992024,250
62,-56.98924731182852,0.9018396666666667,15500,423.9824242591858,0.8350945090651513,250
63,-78.64768683273996,0.9002563333333333,15750,431.1039626598358,0.8135789971351624,250
64,-36.17021276595796,0.898673,16000,438.2261049747467,0.8370549730360508,250
65,-41.17647058823544,0.8970896666666667,16250,445.37536692619324,0.951259752213955,250
66,-44.664031620553544,0.8955063333333333,16500,452.4868469238281,0.9282778322994709,250
67,-74.19354838709677,0.893923,16750,459.7309160232544,0.9324175491631032,250
68,-67.21311475409871,0.8923396666666666,17000,466.97180700302124,0.8413038033246995,250
69,-23.87543252595158,0.8907563333333334,17250,474.2781994342804,0.9614145249724388,250
70,-67.74193548387132,0.889173,17500,481.3738796710968,1.0258496780097484,250
71,-52.55474452554778,0.8875896666666667,17750,488.7292423248291,0.9826355303823948,250
72,-70.39473684210549,0.8860063333333333,18000,496.10685420036316,0.9449708553254604,250
73,-71.32616487455213,0.884423,18250,503.25377202033997,1.041012385368347,250
74,-68.45425867507925,0.8828396666666667,18500,510.6912043094635,0.9175403588265181,250
75,-53.02013422818856,0.8812563333333333,18750,518.2152729034424,1.0031371424496174,250
76,-22.818791946308657,0.879673,19000,525.7252418994904,0.8651861548125744,250
77,-62.199312714777285,0.8780896666666667,19250,532.9249370098114,1.1529385339319707,250
78,-66.96696696696743,0.8765063333333334,19500,540.5145440101624,1.0260581670105458,250
79,-49.20634920634953,0.874923,19750,547.9145629405975,1.0115649365186692,250
80,-34.21052631579012,0.8733396666666666,20000,555.2694835662842,0.9999250313937664,250
81,-50.19157088122647,0.8717563333333334,20250,562.3471717834473,1.1248972126245498,250
82,-51.219512195122505,0.870173,20500,569.5968308448792,1.1766930148005486,250
83,-33.33333333333402,0.8685896666666667,20750,576.6130440235138,1.0834466972351073,250
84,-4.0590405904056714,0.8670063333333333,21000,583.8643810749054,1.044108780324459,250
85,-27.152317880794634,0.865423,21250,591.125678062439,1.1307097038030625,250
86,-37.06293706293737,0.8638396666666667,21500,598.3459031581879,1.1255736443400384,250
87,-69.2832764505122,0.8622563333333333,21750,605.3370463848114,1.1587770095467567,250
88,-66.66666666666706,0.860673,22000,612.2975759506226,1.1419511005282401,250
89,-68.35443037974721,0.8590896666666666,22250,619.6572067737579,1.3717695822715759,250
90,-77.63578274760366,0.8575063333333334,22500,626.9470498561859,1.1790503723621368,250
91,-23.664122137404867,0.855923,22750,634.3886358737946,1.166039763391018,250
92,-0.7352941176469965,0.8543396666666667,23000,641.7456164360046,1.2253918526172638,250
93,-15.094339622641366,0.8527563333333333,23250,649.332439661026,1.3558444377183914,250
94,-33.55481727574765,0.851173,23500,656.6389439105988,1.297009900510311,250
95,-60.71428571428624,0.8495896666666667,23750,663.9131331443787,1.362707612812519,250
96,-59.87654320987707,0.8480063333333333,24000,671.3855245113373,1.2135367687940597,250
97,-58.59872611465016,0.846423,24250,678.7627792358398,1.3042183833122254,250
98,-68.42105263157924,0.8448396666666667,24500,686.2958343029022,1.3675748960375786,250
99,-68.35443037974719,0.8432563333333334,24750,693.6921126842499,1.2476658734679222,250
100,-60.57347670250937,0.841673,25000,701.0809390544891,1.3099994112849236,250
101,-57.69230769230826,0.8400896666666666,25250,708.7846422195435,1.2153971241116523,250
102,-21.23287671232869,0.8385063333333334,25500,716.0254588127136,1.221775082230568,250
103,-14.49814126394033,0.836923,25750,723.1435213088989,1.3493526895046235,250
104,-32.25806451612914,0.8353396666666667,26000,730.4344620704651,1.19243746894598,250
105,-22.033898305084985,0.8337563333333333,26250,737.8894023895264,1.25850106549263,250
106,-67.10526315789511,0.832173,26500,745.2814145088196,1.1294343341588975,250
107,-43.333333333333854,0.8305896666666667,26750,752.2220234870911,1.1685198208689689,250
108,-57.295373665480966,0.8290063333333333,27000,759.3569762706757,1.1667024726867676,250
109,-33.333333333333464,0.827423,27250,766.3936192989349,1.2373576778173447,250
110,-28.338762214983795,0.8258396666666666,27500,773.7655444145203,1.2449077212810515,250
111,-17.241379310345113,0.8242563333333334,27750,781.2591564655304,1.213792025566101,250
112,-40.140845070422984,0.822673,28000,788.3739321231842,1.1753570415973664,250
113,-24.092409240924013,0.8210896666666667,28250,795.664243221283,1.2969228865504265,250
114,1.351351351351421,0.8195063333333333,28500,802.9169793128967,1.1782537486553193,250
115,20.401337792641623,0.817923,28750,810.2544107437134,1.2596582488417625,250
116,49.090909090908106,0.8163396666666667,29000,817.5540180206299,1.182739193290472,250
117,31.086142322096222,0.8147563333333333,29250,824.866409778595,1.3578849740624428,250
118,-52.727272727273274,0.813173,29500,832.1803307533264,1.2571430343985557,250
119,-24.13793103448323,0.8115896666666667,29750,839.5232558250427,1.298394892334938,250
120,-28.104575163398604,0.8100063333333334,30000,846.8508269786835,1.159739376425743,250
121,-18.43971631205726,0.808423,30250,854.2617301940918,1.3344042828679086,250
122,-35.11450381679434,0.8068396666666666,30500,861.5203607082367,1.374180201470852,250
123,-58.86075949367171,0.8052563333333334,30750,869.1210834980011,1.2983816025853157,250
124,3.202846975088863,0.803673,31000,876.6192126274109,1.2351976449489595,250
125,-26.751592356687997,0.8020896666666667,31250,884.0380520820618,1.3377277459204198,250
126,83.67346938775768,0.8005063333333333,31500,891.2161281108856,1.2759012826681138,250
127,-49.61240310077575,0.798923,31750,898.3889343738556,1.2817111556529999,250
128,-33.54430379746865,0.7973396666666667,32000,905.7435803413391,1.2554287709593772,250
129,-29.26045016077202,0.7957563333333333,32250,912.9490609169006,1.3350642399191857,250
130,-17.52577319587604,0.794173,32500,920.2415528297424,1.4404021323919296,250
131,-14.498141263940344,0.7925896666666666,32750,927.6343793869019,1.2979249942302704,250
132,6.312292358804314,0.7910063333333334,33000,935.0046253204346,1.315953700184822,250
133,18.644067796609065,0.789423,33250,942.3751351833344,1.4163795338869094,250
134,-35.37414965986424,0.7878396666666667,33500,949.5397772789001,1.4403447718620301,250
135,-28.792569659443007,0.7862563333333333,33750,956.9162256717682,1.456378361105919,250
136,6.666666666666714,0.784673,34000,964.4848001003265,1.385664103448391,250
137,-36.84210526315827,0.7830896666666667,34250,971.6997315883636,1.3449712295532226,250
138,-17.241379310345014,0.7815063333333334,34500,979.0651669502258,1.2792027760744096,250
139,-28.338762214984254,0.779923,34750,986.3718717098236,1.425347336113453,250
140,-24.83660130718946,0.7783396666666667,35000,993.7220251560211,1.3616749418973924,250
141,-29.629629629630042,0.7767563333333334,35250,1000.8847305774689,1.438223769903183,250
142,29.139072847681064,0.775173,35500,1008.4961373806,1.3782132513523102,250
143,-36.84210526315835,0.7735896666666667,35750,1015.6117024421692,1.3440834362506866,250
144,-22.535211267606183,0.7720063333333333,36000,1022.7175731658936,1.333169571876526,250
145,-46.236559139785435,0.7704230000000001,36250,1030.0476331710815,1.4468306528329848,250
146,0.31347962382370687,0.7688396666666667,36500,1037.7721543312073,1.441405589580536,250
147,-29.03225806451663,0.7672563333333333,36750,1045.0317566394806,1.5292899768352508,250
148,-25.266903914591126,0.765673,37000,1052.3719453811646,1.4131507641077041,250
149,-20.96219931271504,0.7640896666666667,37250,1059.5852375030518,1.6179174233675002,250
150,-44.44444444444489,0.7625063333333334,37500,1066.677109003067,1.6153596308231353,250
151,-6.474820143885032,0.760923,37750,1074.2831869125366,1.4948554515838623,250
152,-37.908496732026265,0.7593396666666667,38000,1081.6292581558228,1.5419300292134286,250
153,-25.423728813559837,0.7577563333333334,38250,1088.7722158432007,1.721864065349102,250
154,5.802047781569534,0.756173,38500,1096.1642508506775,1.6207300707101822,250
155,-41.17647058823547,0.7545896666666667,38750,1103.3799796104431,1.5638669034838677,250
156,-46.42857142857191,0.7530063333333333,39000,1110.7359690666199,1.5325556296110152,250
157,17.647058823528834,0.7514230000000001,39250,1118.492303609848,1.5694759155511857,250
158,18.032786885245844,0.7498396666666667,39500,1126.0280439853668,1.4054643722772597,250
159,59.32203389830494,0.7482563333333334,39750,1133.4459974765778,1.5653899418115615,250
160,16.838487972508712,0.746673,40000,1140.7761478424072,1.4660062080621719,250
161,89.4736842105285,0.7450896666666667,40250,1148.326991558075,1.4591567639112473,250
162,-6.250000000000044,0.7435063333333334,40500,1155.446206331253,1.5423434711694717,250
163,-33.7748344370867,0.7419230000000001,40750,1162.6507847309113,1.5110218048095703,250
164,2.1671826625388633,0.7403396666666666,41000,1170.222608089447,1.479580300450325,250
165,-31.596091205211987,0.7387563333333333,41250,1177.5034141540527,1.6113430448770523,250
166,-57.57575757575801,0.7371730000000001,41500,1184.8146533966064,1.6354592082500459,250
167,-14.72868217054332,0.7355896666666667,41750,1192.0279686450958,1.608697114944458,250
168,-16.66666666666735,0.7340063333333333,42000,1199.1325335502625,1.5033492525815964,250
169,-43.78698224852095,0.732423,42250,1206.7733268737793,1.8444420864582063,250
170,38.57677902621623,0.7308396666666668,42500,1214.1176662445068,1.842406033873558,250
171,19.35483870967754,0.7292563333333333,42750,1221.725598335266,1.8476275037527083,250
172,56.86274509803833,0.727673,43000,1229.1069934368134,1.8549248535633087,250
173,-16.967509025271244,0.7260896666666667,43250,1236.7106065750122,1.758026235461235,250
174,10.701107011069558,0.7245063333333334,43500,1243.954672574997,1.7260013295412064,250
175,-23.84105960264964,0.722923,43750,1251.1860530376434,1.7011078099012376,250
176,-26.470588235294453,0.7213396666666667,44000,1258.949598312378,1.7774377386569977,250
177,4.234527687296104,0.7197563333333334,44250,1266.4042553901672,1.70536859023571,250
178,-158.82797202797252,0.7183756666666666,44468,1272.4415316581726,1.692429496949419,218
179,-43.85964912280776,0.7167923333333333,44718,1280.0396926403046,4.384129978179931,250
180,-47.79116465863507,0.715209,44968,1287.1908531188965,1.5292478694915772,250
181,43.33333333333255,0.7136256666666667,45218,1294.7199470996857,3.166710027933121,250
182,-22.580645161290587,0.7120423333333333,45468,1302.0767014026642,1.8637917811870575,250
183,11.940298507462426,0.710459,45718,1309.5825095176697,1.839942240834236,250
184,-28.825622775801076,0.7088756666666667,45968,1316.7328543663025,2.0874549725055696,250
185,-27.272727272727526,0.7072923333333333,46218,1323.7061457633972,2.2184557482004164,250
186,-48.096885813149456,0.7057089999999999,46468,1331.144935131073,1.954260356903076,250
187,-48.71794871794934,0.7041256666666666,46718,1338.5542657375336,2.155920259475708,250
188,10.032362459545851,0.7025423333333334,46968,1346.0938303470612,3.494241718053818,250
189,-29.447852760736435,0.700959,47218,1353.538648366928,3.327287891626358,250
190,-32.03883495145662,0.6993756666666666,47468,1361.066398859024,1.8667592091560363,250
191,-12.35059760956254,0.6977923333333333,47718,1368.3498120307922,1.829159311413765,250
192,25.78616352201204,0.696209,47968,1375.9840145111084,1.9945972282886506,250
193,-40.4388714733547,0.6946256666666666,48218,1383.401193857193,1.9902566183805466,250
194,-12.587412587412446,0.6930423333333333,48468,1390.8965620994568,2.101668487727642,250
195,-16.967509025271465,0.691459,48718,1398.2354986667633,2.2858379031419753,250
196,38.4083044982687,0.6898756666666667,48968,1405.6961560249329,2.462420681476593,250
197,26.48221343873422,0.6882923333333334,49218,1413.2091357707977,1.6549740419387817,250
198,17.021276595744254,0.686709,49468,1420.624504327774,2.939095725774765,250
199,-22.558922558923154,0.6851256666666667,49718,1427.9297151565552,2.1987428402900697,250
200,-34.85342019543997,0.6835423333333334,49968,1435.247769832611,2.012840143918991,250
201,-4.290429042904129,0.681959,50218,1442.9602556228638,2.223102404475212,250
202,90.3114186851235,0.6803756666666667,50468,1450.3536808490753,3.336218881368637,250
203,-17.2413793103453,0.6787923333333334,50718,1457.9091081619263,2.398828079223633,250
204,11.111111111110725,0.6772090000000001,50968,1465.32293176651,2.0440784088373185,250
205,-3.654485049834049,0.6756256666666667,51218,1472.8253662586212,2.032400579690933,250
206,7.40740740740717,0.6740423333333334,51468,1480.0306260585785,3.107293217778206,250
207,-10.505836575875335,0.672459,51718,1487.2903831005096,2.370743237257004,250
208,-2.280130293160103,0.6708756666666666,51968,1494.7836446762085,2.289564581632614,250
209,-30.555555555555703,0.6692923333333334,52218,1502.0535035133362,2.0859459178447723,250
210,7.843137254901258,0.6677090000000001,52468,1509.543063402176,1.9698675734996796,250
211,10.389610389609574,0.6661256666666667,52718,1517.255031824112,3.6616552156209945,250
212,4.100946372239662,0.6645423333333333,52968,1524.8969688415527,2.391894778609276,250
213,-25.266903914590646,0.6629590000000001,53218,1532.1600694656372,2.177856347322464,250
214,35.92233009708611,0.6613756666666667,53468,1539.9041619300842,2.0147015850543974,250
215,40.93959731543534,0.6597923333333333,53718,1547.4478912353516,2.9141213636398318,250
216,-19.354838709677267,0.658209,53968,1555.221664428711,2.941886859536171,250
217,14.551083591330274,0.6566256666666668,54218,1562.8931090831757,2.3397329519987107,250
218,69.01408450704281,0.6550423333333334,54468,1570.3108661174774,2.2111069595813753,250
219,97.80219780219798,0.653459,54718,1577.6085216999054,3.104073214292526,250
220,12.211221122111024,0.6518756666666667,54968,1585.1352772712708,3.2021125143766405,250
221,-32.721712538226996,0.6502923333333334,55218,1592.6443891525269,2.3865879204273224,250
222,-10.958904109589714,0.648709,55468,1600.2431209087372,2.7914360432624816,250
223,-33.96226415094342,0.6471256666666667,55718,1607.6759359836578,2.2071679594516755,250
224,-10.071942446043792,0.6455423333333334,55968,1615.0864579677582,2.875887088179588,250
225,7.0234113712366195,0.6439590000000001,56218,1622.5815098285675,2.58587575674057,250
226,32.68608414239363,0.6423756666666667,56468,1630.1401076316833,2.5623298761844633,250
227,13.63636363636341,0.6407923333333334,56718,1637.8231241703033,2.9299402141571047,250
228,61.29032258064703,0.639209,56968,1645.42546916008,3.178628494143486,250
229,-6.626506024097246,0.6376256666666666,57218,1653.1269907951355,3.6889110926389694,250
230,-20.41522491349502,0.6360423333333334,57468,1660.4655673503876,3.11834753036499,250
231,20.567375886524445,0.6344590000000001,57718,1668.1916995048523,2.9896006935834887,250
232,38.26366559485441,0.6328756666666667,57968,1675.772622346878,3.3216728174686434,250
233,23.778501628664394,0.6312923333333333,58218,1683.4185252189636,3.3744099094867708,250
234,23.417721518986887,0.6297090000000001,58468,1691.1003904342651,3.0612638051509857,250
235,-49.52681388012661,0.6281256666666667,58718,1698.7433035373688,2.893746021389961,250
236,-34.256055363321884,0.6265423333333333,58968,1706.275584936142,2.9571368198394774,250
237,-22.033898305085227,0.624959,59218,1713.7570519447327,3.3322376127243043,250
238,64.42953020134172,0.6233756666666668,59468,1721.2205843925476,3.0725356895923612,250
239,28.91986062717657,0.6217923333333334,59718,1728.6433637142181,3.204951213121414,250
240,40.74074074074169,0.620209,59968,1735.8666322231293,3.729234117269516,250
241,34.18530351437593,0.6186256666666667,60218,1743.670163154602,4.362267191410065,250
242,75.15923566879002,0.6170423333333334,60468,1751.3789513111115,3.919440467119217,250
243,55.223880597014116,0.615459,60718,1759.1293425559998,3.968098748207092,250
244,52.64797507788161,0.6138756666666667,60968,1766.8206951618195,3.483212624311447,250
245,36.21262458471637,0.6122923333333334,61218,1774.3874008655548,4.151219592094422,250
246,45.593869731803316,0.6107090000000001,61468,1781.8142764568329,5.086839567184448,250
247,-50.33112582781506,0.6091256666666667,61718,1789.3274040222168,3.716709073781967,250
248,74.07407407407426,0.6075423333333334,61968,1796.7317326068878,4.049458860874176,250
249,3.6789297658853126,0.605959,62218,1804.2867255210876,3.951771697282791,250
250,92.307692307694,0.6043756666666666,62468,1811.626627922058,3.9727246606349946,250
251,76.69172932331024,0.6027923333333334,62718,1819.196091413498,3.828215833902359,250
252,-24.812030075188613,0.6012090000000001,62968,1826.40785074234,3.5435350527763365,250
253,-15.662650602410306,0.5996256666666667,63218,1833.7509860992432,4.201086827039719,250
254,-0.6024096385546309,0.5980423333333333,63468,1841.5315606594086,4.133363643169403,250
255,74.06143344710107,0.5964590000000001,63718,1849.0120434761047,3.2573276505470274,250
256,55.3784860557789,0.5948756666666667,63968,1856.2656412124634,3.96920094203949,250
257,113.11475409836197,0.5932923333333333,64218,1863.8185033798218,4.842869081258774,250
258,44.694533762056906,0.591709,64468,1871.4827058315277,4.260271006345749,250
259,48.14814814814732,0.5901256666666668,64718,1879.0631575584412,4.345573251962661,250
260,51.125401929261265,0.5885423333333334,64968,1886.78093624115,4.25913457942009,250
261,-57.831325301205545,0.586959,65218,1894.2699854373932,4.142620773315429,250
262,56.99658703071872,0.5853756666666667,65468,1901.8158435821533,4.854644924402237,250
263,18.81188118811751,0.5837923333333334,65718,1909.42080616951,4.9070824084281925,250
264,67.80821917808142,0.582209,65968,1917.01660490036,4.27960373544693,250
265,48.73417721518903,0.5806256666666667,66218,1924.5874671936035,4.053567019939423,250
266,47.368421052631305,0.5790423333333334,66468,1932.1541543006897,5.0512344243526455,250
267,138.7543252595184,0.5774590000000001,66718,1939.6731271743774,4.798694910049439,250
268,80.27210884353771,0.5758756666666667,66968,1947.2124736309052,4.157005093574524,250
269,49.65986394557814,0.5742923333333334,67218,1954.6863539218903,5.494108953952789,250
270,55.11551155115387,0.572709,67468,1962.1812603473663,4.756153813838958,250
271,100.00000000000317,0.5711256666666666,67718,1969.7270810604095,4.984215842247009,250
272,49.20634920635004,0.5695423333333334,67968,1977.3834567070007,5.610088224649429,250
273,27.147766323023703,0.5679590000000001,68218,1984.9222748279572,4.374893591165542,250
274,86.88524590163917,0.5663756666666667,68468,1992.5012421607971,5.342418831825256,250
275,73.20261437908478,0.5647923333333333,68718,2000.1284039020538,4.939979328870773,250
276,27.147766323023543,0.5632090000000001,68968,2007.9332792758942,4.580878872156143,250
277,-26.25368731563471,0.5616256666666667,69218,2015.7948160171509,4.767393915891647,250
278,60.58394160583943,0.5600423333333333,69468,2023.237282037735,5.578851493358612,250
279,48.14814814814701,0.558459,69718,2030.8882253170013,5.699109302043915,250
280,28.28947368420956,0.5568756666666668,69968,2038.559396982193,5.203220611810684,250
281,43.85964912280625,0.5552923333333334,70218,2046.2961513996124,6.052267330646515,250
282,50.6849315068481,0.553709,70468,2053.885846376419,4.7547542490959165,250
283,62.62975778546683,0.5521256666666667,70718,2061.606731414795,5.463386277198792,250
284,107.48299319727921,0.5505423333333334,70968,2069.338298559189,3.9133159556388857,250
285,46.49681528662314,0.548959,71218,2077.1221590042114,6.083436185836792,250
286,56.5495207667719,0.5473756666666667,71468,2084.878980398178,6.08896776676178,250
287,64.67065868263383,0.5457923333333334,71718,2092.6804163455963,4.3743659491539,250
288,127.4247491638819,0.544209,71968,2100.3526220321655,5.17616441988945,250
289,48.000000000000824,0.5426256666666667,72218,2107.668133497238,5.257580292224884,250
290,20.87912087911971,0.5410423333333334,72468,2115.217709302902,4.841565381526947,250
291,-18.032786885245894,0.539459,72718,2123.331104040146,5.073127875804901,250
292,37.72455089820268,0.5378756666666666,72968,2131.134623527527,5.162809846401214,250
293,38.576779026216045,0.5362923333333334,73218,2138.6176340579987,5.1238060677051545,250
294,-6.367041198502042,0.5347090000000001,73468,2146.114759683609,5.625083170890808,250
295,23.28767123287595,0.5331256666666667,73718,2153.6467611789703,6.695165156841278,250
296,22.257053291535314,0.5315423333333333,73968,2161.3472859859467,6.39894037270546,250
297,71.14093959731508,0.5299590000000001,74218,2168.8847556114197,5.522789478778839,250
298,46.153846153845066,0.5283756666666667,74468,2176.302615404129,6.051866968631744,250
299,-17.682926829269018,0.5267923333333333,74718,2184.06826376915,5.344485118150711,250
300,91.17647058823765,0.525209,74968,2191.44469165802,6.696966514110565,250
301,150.0000000000039,0.5236256666666668,75218,2199.4524779319763,5.340175518989563,250
302,87.4999999999998,0.5220423333333334,75468,2207.054403781891,6.61244411945343,250
303,-52.21843003413036,0.520459,75718,2214.655303478241,5.706383169412613,250
304,11.111111111110784,0.5188756666666667,75968,2222.2824766635895,7.039813342094422,250
305,44.82758620689552,0.5172923333333334,76218,2229.945282459259,7.335323737144471,250
306,21.580547112461986,0.515709,76468,2237.8303923606873,5.343698249816894,250
307,98.65319865319924,0.5141256666666667,76718,2245.4408180713654,5.3412432870864865,250
308,44.23076923077119,0.5125423333333334,76968,2253.208690404892,6.585690278053284,250
309,174.24749163879883,0.510959,77218,2260.883845806122,5.396945666790009,250
310,83.2298136645974,0.5093756666666667,77468,2268.679762363434,5.159915281057358,250
311,77.30496453900994,0.5077923333333334,77718,2276.3722400665283,8.685951758384705,250
312,48.60681114551252,0.506209,77968,2284.1180503368378,7.427942127227783,250
313,3.3210332103314966,0.5046256666666666,78218,2291.863130569458,5.687227306365966,250
314,55.03875968992189,0.5030423333333334,78468,2299.5029780864716,5.475500832557678,250
315,109.73782771535743,0.5014590000000001,78718,2307.1215958595276,6.437987797260284,250
316,104.0133779264238,0.4998756666666667,78968,2314.852566242218,5.519016802310944,250
317,20.40133779264128,0.49829233333333334,79218,2322.518418073654,5.6831701130867005,250
318,81.4814814814831,0.49670900000000007,79468,2329.839700937271,5.637954892635346,250
319,55.55555555555455,0.4951256666666667,79718,2337.1885182857513,8.238280870676041,250
320,69.81132075471727,0.4935423333333334,79968,2344.607241153717,7.135229302883149,250
321,97.56838905775173,0.49195900000000004,80218,2352.6557796001434,5.75659693479538,250
322,26.436781609194583,0.49037566666666665,80468,2360.678256750107,6.211305914402008,250
323,57.55627009646208,0.4887923333333334,80718,2368.403109073639,6.365496062278748,250
324,29.629629629628848,0.487209,80968,2375.805724620819,9.463980133533477,250
325,98.52941176470834,0.48562566666666673,81218,2383.3472986221313,9.254548146247863,250
326,85.96491228070272,0.48404233333333335,81468,2390.932827234268,6.311571392536163,250
327,70.49180327869175,0.4824590000000001,81718,2398.7605934143066,6.367143704414367,250
328,42.405063291138276,0.4808756666666667,81968,2406.524696826935,7.135355113983154,250
329,34.86842105263149,0.4792923333333333,82218,2414.266494512558,9.29891672706604,250
330,133.0097087378668,0.47770900000000005,82468,2421.986219406128,7.080147236347199,250
331,29.032258064515467,0.47612566666666667,82718,2429.8418066501617,7.4179448318481445,250
332,112.99638989169773,0.4745423333333334,82968,2437.3597090244293,7.655502433776856,250
333,116.02787456446225,0.472959,83218,2444.9084043502808,11.437618211746216,250
334,42.39482200647348,0.47137566666666675,83468,2452.5883667469025,7.960703358173371,250
335,135.71428571428936,0.46979233333333337,83718,2460.1228742599487,6.450953763008117,250
336,83.18318318318393,0.468209,83968,2467.882989168167,7.457271880149841,250
337,120.53231939163733,0.4666256666666667,84218,2475.4271965026855,6.68939964389801,250
338,84.71337579618249,0.46504233333333334,84468,2483.1755533218384,6.391070449352265,250
339,192.35880398671472,0.46345900000000007,84718,2490.8866097927094,10.137904414653779,250
340,71.53284671532892,0.4618756666666667,84968,2498.4912283420563,7.658972148895264,250
341,147.38675958188333,0.4602923333333334,85218,2506.2325780391693,10.367724109172821,250
342,132.14285714286038,0.45870900000000003,85468,2513.844690322876,8.875630440235138,250
343,60.13071895424857,0.45712566666666665,85718,2521.502809524536,7.704387359142303,250
344,62.71186440677918,0.4555423333333334,85968,2529.079729795456,6.43385842370987,250
345,52.1739130434778,0.453959,86218,2536.6210758686066,7.444272236824036,250
346,112.01413427562174,0.45237566666666673,86468,2544.1438496112823,10.227823912143707,250
347,172.72727272727624,0.45079233333333335,86718,2551.7895135879517,9.649592788219453,250
348,81.51815181518255,0.4492090000000001,86968,2559.358493089676,8.157353131771087,250
349,-32.43243243243317,0.4476256666666667,87218,2566.874389410019,7.9615098280906675,250
350,29.25170068027095,0.4460423333333333,87468,2574.4986255168915,8.600803406715393,250
351,139.8648648648661,0.44445900000000005,87718,2582.43111371994,9.273864626407624,250
352,-43.26241134751845,0.44287566666666667,87968,2589.941838979721,7.059450838088989,250
353,37.25490196078624,0.4412923333333334,88218,2597.721455812454,9.488285027503967,250
354,50.44247787610503,0.439709,88468,2605.7308280467987,9.200507332324982,250
355,137.7622377622407,0.43812566666666675,88718,2613.3268055915833,9.480440629482269,250
356,35.13513513513379,0.43654233333333337,88968,2621.2701110839844,10.295565793514251,250
357,80.21201413427488,0.434959,89218,2628.9333539009094,8.782543996334075,250
358,-59.85401459854074,0.4333756666666667,89468,2636.813621520996,8.84848819065094,250
359,102.47933884297956,0.43179233333333333,89718,2644.1295881271362,8.426974689006805,250
360,77.85234899328876,0.43020900000000006,89968,2651.894088745117,8.744621151924134,250
361,28.11387900355892,0.4286256666666667,90218,2659.7445664405823,8.947144874572754,250
362,182.14285714286083,0.4270423333333334,90468,2667.2424051761627,11.92191663503647,250
363,81.15942028985825,0.42545900000000003,90718,2674.7471072673798,10.337002588748932,250
364,161.02941176470904,0.42387566666666665,90968,2682.3150506019592,9.118627161026001,250
365,61.716171617163106,0.4222923333333334,91218,2689.965505838394,7.220952340602874,250
366,121.47651006711547,0.420709,91468,2697.698093175888,14.997048572063447,250
367,161.16838487972754,0.41912566666666673,91718,2705.3314197063446,9.584934068679809,250
368,-19.786096256685095,0.41754233333333335,91968,2713.149292230606,9.321717792987824,250
369,22.377622377622497,0.4159590000000001,92218,2720.6879839897156,11.058386509895325,250
370,177.3722627737251,0.4143756666666667,92468,2728.233584880829,10.73454202747345,250
371,127.11864406779969,0.4127923333333333,92718,2736.1433312892914,10.16207666540146,250
372,108.58895705521769,0.41120900000000005,92968,2744.134747505188,9.854180651187896,250
373,149.21135646688032,0.40962566666666667,93218,2752.074183702469,9.722677486419677,250
374,75.00000000000186,0.4080423333333334,93468,2759.7619273662567,11.506016327381134,250
375,200.7518796992514,0.406459,93718,2767.3768272399902,10.319274611473084,250
376,139.13043478261187,0.40487566666666674,93968,2775.039393901825,7.814620398998261,250
377,167.39926739927043,0.40329233333333336,94218,2782.6093802452087,10.17918680524826,250
378,105.38720538720713,0.4017090000000001,94468,2790.3618087768555,14.22043264913559,250
379,112.21864951768652,0.4001256666666667,94718,2798.180424451828,9.236521194458009,250
380,127.94117647059144,0.39854233333333333,94968,2805.7418279647827,11.783132565975189,250
381,101.34228187919689,0.39695900000000006,95218,2813.6376056671143,11.88351598072052,250
382,76.65615141955904,0.3953756666666667,95468,2821.500185728073,10.370765188217163,250
383,89.00343642611668,0.3937923333333334,95718,2829.231172323227,14.912891418933869,250
384,130.24054982818188,0.39220900000000003,95968,2836.875735759735,12.241889343261718,250
385,144.44444444444773,0.39062566666666676,96218,2844.7554228305817,12.650795976638793,250
386,64.23357664233662,0.3890423333333334,96468,2852.346184492111,10.7405879945755,250
387,133.08270676692072,0.387459,96718,2859.8415915966034,10.875490603446961,250
388,67.31517509727807,0.38587566666666673,96968,2867.3789064884186,9.014028767585755,250
389,133.21554770318323,0.38429233333333335,97218,2875.0663480758667,12.115098197937012,250
390,163.84364820847125,0.3827090000000001,97468,2882.871299266815,10.637128111839294,250
391,167.080745341618,0.3811256666666667,97718,2891.0704584121704,14.918361080169678,250
392,70.21276595744995,0.3795423333333334,97968,2899.120665073395,23.802012484550477,250
393,125.70532915360891,0.37795900000000004,98218,2906.9318776130676,11.634753231048585,250
394,146.15384615384858,0.37637566666666666,98468,2914.532571077347,15.499763122558594,250
395,148.25174825175122,0.3747923333333334,98718,2922.1620664596558,10.883988805770874,250
396,50.00000000000182,0.373209,98968,2929.896116733551,10.19538954591751,250
397,164.40677966101967,0.37162566666666674,99218,2937.5553953647614,19.268818136692047,250
398,75.15923566878993,0.37004233333333336,99468,2945.2338466644287,14.05478743314743,250
399,43.73088685015248,0.3684590000000001,99718,2953.0144810676575,12.637640555381775,250
400,90.0311526479752,0.3668756666666667,99968,2960.881093263626,12.217728562355042,250
401,321.05263157894785,0.36529233333333333,100218,2968.63059091568,16.501395174026488,250
402,165.1757188498426,0.36370900000000006,100468,2976.500752925873,11.100913326263427,250
403,45.328719723184,0.3621256666666667,100718,2984.13987159729,10.968670478820801,250
404,67.2473867595817,0.3605423333333334,100968,2991.8373367786407,12.65388246536255,250
405,204.96453900709696,0.35895900000000003,101218,2999.4610085487366,23.045322699546816,250
406,79.15309446253983,0.35737566666666676,101468,3007.252484560013,12.429511477470397,250
407,198.5611510791401,0.3557923333333334,101718,3014.9803092479706,9.176411366462707,250
408,77.12177121771578,0.354209,101968,3022.4605417251587,10.437152904987336,250
409,103.82165605095742,0.3526256666666667,102218,3030.3103148937225,14.195966862678528,250
410,37.681159420291436,0.35104233333333335,102468,3037.920710325241,16.28458505296707,250
411,172.42524916943958,0.3494590000000001,102718,3045.9306790828705,13.665870759010314,250
412,192.6045016077212,0.3478756666666667,102968,3053.7323632240295,15.86864811706543,250
413,126.35135135135285,0.3462923333333334,103218,3061.3252329826355,21.042497381210328,250
414,107.95107033639573,0.34470900000000004,103468,3069.2564113140106,17.195743794441224,250
415,158.78594249201603,0.34312566666666666,103718,3077.0656571388245,12.455549768447876,250
416,115.78947368421227,0.3415423333333334,103968,3085.217929840088,15.294086985111237,250
417,155.72519083969908,0.339959,104218,3092.8106710910797,19.51069470691681,250
418,174.57627118644217,0.33837566666666674,104468,3100.516142845154,16.974855122566222,250
419,75.29880478088117,0.33679233333333336,104718,3107.952871322632,17.603551426410675,250
420,159.51557093425916,0.3352090000000001,104968,3115.7776765823364,13.29214172387123,250
421,24.03100775193917,0.3336256666666667,105218,3123.4858450889587,17.529603111743928,250
422,172.40143369175942,0.33204233333333333,105468,3131.188483476639,16.23558235836029,250
423,155.63909774436368,0.33045900000000006,105718,3138.8468718528748,12.323568520069122,250
424,96.6666666666689,0.3288756666666667,105968,3146.528819322586,18.07877579689026,250
425,61.65413533834901,0.3272923333333334,106218,3154.120621204376,12.761762364387511,250
426,89.65517241379618,0.325709,106468,3161.828373670578,13.922849410057069,250
427,198.5611510791395,0.32412566666666676,106718,3169.5357308387756,11.113841861248016,250
428,149.1467576791843,0.3225423333333334,106968,3177.312641620636,20.676894473552704,250
429,110.14492753623449,0.320959,107218,3185.0551233291626,10.829063550949098,250
430,-14.666666666667297,0.3193756666666667,107468,3193.137699842453,12.896350343704224,250
431,83.4532374100728,0.31779233333333334,107718,3200.910247325897,15.133239050388337,250
432,126.80412371134358,0.3162090000000001,107968,3208.7198565006256,15.298541697502136,250
433,91.72932330827284,0.3146256666666667,108218,3216.32323884964,19.59338210487366,250
434,174.64788732394786,0.3130423333333334,108468,3224.1139357089996,13.508724081039428,250
435,141.61073825503652,0.31145900000000004,108718,3231.9193160533905,15.084458644866944,250
436,201.07526881720793,0.30987566666666666,108968,3239.6215641498566,19.552227352142335,250
437,184.04669260700751,0.3082923333333334,109218,3247.3473737239838,14.673656249046326,250
438,232.03125000000207,0.306709,109468,3254.850623846054,14.837630816459656,250
439,167.8571428571466,0.30512566666666674,109718,3262.5724449157715,26.574898113250732,250
440,141.37931034483046,0.30354233333333336,109968,3270.2204434871674,15.645226085662841,250
441,52.17391304347934,0.3019590000000001,110218,3277.9657220840454,17.346036301612855,250
442,120.64056939502157,0.3003756666666667,110468,3285.6089584827423,15.45153855419159,250
443,213.53135313531735,0.2987923333333333,110718,3293.3774569034576,11.96061531639099,250
444,15.830115830115187,0.29720900000000006,110968,3300.8570647239685,17.596237858772277,250
445,115.56886227544972,0.2956256666666667,111218,3308.8064363002777,11.980900508880616,250
446,161.1683848797278,0.2940423333333334,111468,3316.5406420230865,19.6038879070282,250
447,124.68354430380091,0.292459,111718,3324.4292447566986,14.70570883512497,250
448,71.2062256809368,0.29087566666666675,111968,3332.072276830673,15.329412615299224,250
449,149.11032028470058,0.2892923333333334,112218,3339.769607782364,20.86276114177704,250
450,224.0418118466938,0.287709,112468,3347.4900317192078,14.98948318862915,250
451,56.3517915309457,0.2861256666666667,112718,3355.589701652527,17.617854724407195,250
452,280.64516129032233,0.28454233333333334,112968,3363.604470014572,15.869334264755249,250
453,249.31506849315454,0.28295900000000007,113218,3371.4187111854553,14.881339387893677,250
454,170.67669172932713,0.2813756666666667,113468,3379.3057205677032,15.730190022468566,250
455,203.03030303030755,0.2797923333333334,113718,3387.1651022434235,16.018180899143218,250
456,357.9124579124529,0.27820900000000004,113968,3394.9703390598297,16.20935613679886,250
457,177.07006369427054,0.27662566666666666,114218,3402.8966114521027,18.737077561378477,250
458,178.99686520376594,0.2750423333333334,114468,3410.732920885086,17.358592940330507,250
459,309.89399293286374,0.273459,114718,3418.398811817169,14.865639574050903,250
460,306.0150375939803,0.27187566666666674,114968,3426.167323589325,16.27650600719452,250
461,101.41342756183779,0.27029233333333336,115218,3434.1098971366882,19.17934242916107,250
462,371.6312056737576,0.2687090000000001,115468,3441.812155008316,19.27306854915619,250
463,264.21725239617064,0.2671256666666667,115718,3449.6940643787384,11.974075293064118,250
464,144.27480916030677,0.2655423333333333,115968,3457.297894001007,18.149927282333373,250
465,134.7266881028958,0.26395900000000005,116218,3465.110296726227,17.72108809375763,250
466,339.84962406014733,0.2623756666666667,116468,3472.8269753456116,16.043002143383028,250
467,188.7323943662017,0.2607923333333334,116718,3480.6084332466125,16.409160687923432,250
468,132.7868852459056,0.259209,116968,3488.6502413749695,20.50293148756027,250
469,280.07380073800545,0.25762566666666675,117218,3496.3901953697205,13.651451786518097,250
470,399.99999999999187,0.25604233333333337,117468,3504.1562259197235,13.865372230529784,250
471,328.5714285714243,0.254459,117718,3511.9380781650543,14.138181133270264,250
472,95.84569732937724,0.2528756666666667,117968,3520.0362939834595,15.715733434200287,250
473,259.4771241830105,0.25129233333333334,118218,3527.9615111351013,16.16331491661072,250
474,389.1304347826047,0.24970900000000007,118468,3535.73042678833,20.20101417541504,250
475,488.4476534295916,0.2481256666666667,118718,3543.432105779648,16.309081624031066,250
476,174.91408934708323,0.24654233333333342,118968,3551.356044769287,20.06356988620758,250
477,226.38888888889315,0.24495900000000004,119218,3559.1332535743713,18.38957467556,250
478,355.59845559845,0.24337566666666666,119468,3566.73802113533,18.723590646743773,250
479,287.2053872053873,0.2417923333333334,119718,3574.5743811130524,18.338053444862364,250
480,271.4285714285711,0.240209,119968,3582.5099267959595,17.60569486618042,250
481,191.29129129129504,0.23862566666666674,120218,3590.569890022278,15.310260395050049,250
482,159.25925925926282,0.23704233333333335,120468,3598.624557495117,21.595749219417574,250
483,169.34984520124075,0.23545900000000008,120718,3606.625915288925,12.795046117305755,250
484,252.49042145594018,0.2338756666666667,120968,3614.34245967865,21.746423597335816,250
485,225.42372881356292,0.23229233333333332,121218,3622.204055070877,19.552067922592162,250
486,199.6389891696774,0.23070900000000005,121468,3629.9926459789276,25.129984162330626,250
487,239.28571428571922,0.22912566666666667,121718,3637.840926885605,24.011683559417726,250
488,364.406779661012,0.2275423333333334,121968,3645.709485054016,22.04715473985672,250
489,352.2058823529402,0.22595900000000002,122218,3653.5047011375427,17.10870315694809,250
490,350.70422535210685,0.22437566666666675,122468,3661.272051334381,17.64463463783264,250
491,94.53924914676227,0.22279233333333337,122718,3669.3403816223145,13.234551694869996,250
492,260.2941176470546,0.221209,122968,3677.023098707199,15.300194828033447,250
493,190.65743944637055,0.21962566666666672,123218,3684.766189813614,19.525443242549898,250
494,308.78378378378125,0.21804233333333334,123468,3692.58051609993,18.53424631357193,250
495,119.51219512195435,0.21645900000000007,123718,3700.4449462890625,18.17364537525177,250
496,170.96774193548697,0.2148756666666667,123968,3708.452425479889,18.76077377510071,250
497,283.5125448028683,0.21329233333333342,124218,3716.3308444023132,23.830109270095825,250
498,247.16981132075907,0.21170900000000004,124468,3724.0120651721954,19.394253715515138,250
499,407.51879699247735,0.21012566666666666,124718,3731.7798614501953,21.890436630249024,250
500,340.2730375426612,0.20854233333333339,124968,3739.759580850601,18.50927491092682,250
501,347.91666666666254,0.206959,125218,3747.715646505356,18.82185874271393,250
502,194.31438127090752,0.20537566666666673,125468,3755.694715499878,18.778415748596192,250
503,374.22680412370556,0.20379233333333335,125718,3763.469729423523,19.063333327770234,250
504,151.3368983957255,0.20220900000000008,125968,3771.8784947395325,18.890784770965578,250
505,258.6956521739156,0.2006256666666667,126218,3779.4965484142303,20.038565799713133,250
506,25.00000000000105,0.19904233333333332,126468,3787.110660791397,20.286040828227996,250
507,179.36507936508346,0.19745900000000005,126718,3795.21107506752,18.258636900424957,250
508,133.81294964028928,0.19587566666666667,126968,3803.0453548431396,15.715423585891724,250
509,418.79699248120073,0.1942923333333334,127218,3810.658459663391,18.416045106887818,250
510,259.1836734693891,0.19270900000000002,127468,3818.1451959609985,18.564827354431152,250
511,217.0731707317123,0.19112566666666675,127718,3826.5078654289246,16.893962717056276,250
512,262.12624584717923,0.18954233333333337,127968,3834.49284696579,23.404380167961122,250
513,176.81660899654327,0.187959,128218,3842.3486607074738,25.202682101249696,250
514,358.48375451263314,0.18637566666666672,128468,3850.2150440216064,25.999295637130736,250
515,112.23021582733799,0.18479233333333334,128718,3858.090394973755,18.27394637298584,250
516,325.3731343283507,0.18320900000000007,128968,3865.785462617874,22.811720895767213,250
517,247.00315457413535,0.18162566666666669,129218,3873.773512840271,24.93103800868988,250
518,135.2941176470635,0.18004233333333342,129468,3881.7017743587494,24.61372842979431,250
519,279.182156133821,0.17845900000000003,129718,3889.4073736667633,24.273640929222108,250
520,357.56457564575595,0.17687566666666665,129968,3897.1933028697968,23.593839420318602,250
521,396.5517241379195,0.17529233333333338,130218,3905.0375497341156,23.394548316955568,250
522,281.6254416961116,0.173709,130468,3912.8700590133667,18.148653918266298,250
523,217.85714285714798,0.17212566666666673,130718,3920.6033301353455,25.611765155792238,250
524,357.5645756457537,0.17054233333333335,130968,3928.3549299240112,27.13724196052551,250
525,134.52768729642153,0.16895900000000008,131218,3936.192124605179,20.768881060600282,250
526,325.3968253968221,0.1673756666666667,131468,3944.047349691391,23.63369506216049,250
527,293.22033898305114,0.16579233333333332,131718,3952.027284383774,25.895578978538513,250
528,412.0274914089277,0.16420900000000005,131968,3959.9309005737305,20.70908043575287,250
529,428.5171102661476,0.16262566666666667,132218,3967.646550655365,26.506288756370544,250
530,269.49152542372224,0.1610423333333334,132468,3975.54842209816,20.54033825492859,250
531,297.6261127596434,0.15945900000000002,132718,3983.8508546352386,21.118452013015748,250
532,123.64217252396492,0.15787566666666675,132968,3991.9062848091125,26.035899302482605,250
533,327.6527331189683,0.15629233333333337,133218,3999.9193782806396,24.635478041648863,250
534,369.99999999999307,0.15470899999999999,133468,4007.768611431122,37.43905055046081,250
535,233.33333333333653,0.15312566666666672,133718,4015.5869812965393,20.825664034843445,250
536,170.46263345196175,0.15154233333333333,133968,4023.2969810962677,22.090865633964537,250
537,348.3985765124511,0.14995900000000006,134218,4031.1696474552155,31.750854394912718,250
538,146.52777777777806,0.14837566666666668,134468,4038.9399383068085,22.62695928096771,250
539,216.32653061224792,0.1467923333333334,134718,4046.9848251342773,26.116308771133422,250
540,388.97058823528937,0.14520900000000003,134968,4054.787683725357,25.51079218196869,250
541,388.72180451127224,0.14362566666666665,135218,4062.7169749736786,25.208896626472473,250
542,279.42122186495226,0.14204233333333338,135468,4070.760707616806,25.602338670730592,250
543,443.7262357414364,0.140459,135718,4078.5656232833862,28.097682366371156,250
544,453.8461538461494,0.13887566666666673,135968,4086.275069475174,20.651354064941405,250
545,311.39240506328906,0.13729233333333335,136218,4094.324138402939,31.694105465888978,250
546,301.5151515151461,0.13570900000000008,136468,4102.061012983322,27.340873909950258,250
547,479.124579124567,0.1341256666666667,136718,4109.985856771469,20.053989828109742,250
548,401.81818181817226,0.13254233333333332,136968,4117.8019115924835,24.663706476211548,250
549,446.12546125460375,0.13095900000000005,137218,4125.632996797562,27.96551880836487,250
550,566.6666666666592,0.12937566666666667,137468,4133.539450883865,31.140644897460938,250
551,365.7534246575239,0.1277923333333334,137718,4141.703897953033,25.588578203201294,250
552,505.44217687073996,0.12620900000000002,137968,4149.671924591064,25.508861225128175,250
553,106.66666666667041,0.12462566666666675,138218,4157.641222238541,29.966032723426817,250
554,343.425076452595,0.12304233333333336,138468,4165.743544578552,27.779745326042175,250
555,578.4313725490092,0.12145899999999998,138718,4173.558714151382,29.612585772514343,250
556,202.01342281879548,0.11987566666666671,138968,4181.6863214969635,27.30984958076477,250
557,486.2068965517138,0.11829233333333333,139218,4189.69194316864,27.384699783325196,250
558,458.05243445692145,0.11670900000000006,139468,4197.559611558914,23.01818670940399,250
559,385.1485148514806,0.11512566666666668,139718,4205.599428653717,29.681726181983947,250
560,380.7017543859582,0.11354233333333341,139968,4213.6716911792755,29.234575340270997,250
561,491.3621262458415,0.11195900000000003,140218,4221.8479018211365,29.15839022064209,250
562,378.87323943660795,0.11037566666666676,140468,4229.871376276016,22.944641442298888,250
563,543.5643564356345,0.10879233333333338,140718,4237.825142621994,25.5024628944397,250
564,320.5298013245042,0.107209,140968,4245.889091253281,24.84595626926422,250
565,464.18918918918365,0.10562566666666673,141218,4253.777066707611,28.673521140098572,250
566,500.7326007325957,0.10404233333333335,141468,4261.510417699814,24.714660893440247,250
567,463.7583892617353,0.10245900000000008,141718,4269.456258773804,26.64236675167084,250
568,249.25373134328757,0.1008756666666667,141968,4277.694282770157,23.663625334739685,250
569,367.79661016948273,0.09929233333333343,142218,4285.8170573711395,25.30383214855194,250
570,404.85436893203143,0.09770900000000005,142468,4293.907002925873,30.020757824897768,250
571,226.24113475177685,0.09612566666666666,142718,4301.922418355942,31.703380214691162,250
572,362.0938628158815,0.0945423333333334,142968,4309.841360092163,27.487598680496216,250
573,213.7254901960829,0.09295900000000001,143218,4317.895397901535,39.48964001369476,250
574,105.47945205479857,0.09137566666666674,143468,4325.704299926758,27.922448269844054,250
575,302.1739130434793,0.08979233333333336,143718,4333.599061012268,35.33821265888214,250
576,489.2255892255789,0.08820900000000009,143968,4341.598298549652,27.07705892944336,250
577,263.6363636363672,0.08662566666666671,144218,4349.622498750687,26.85450957298279,250
578,628.2608695652079,0.08504233333333333,144468,4357.431936264038,27.558589544296265,250
579,403.4965034965007,0.08345900000000006,144718,4365.410520792007,32.9130203294754,250
580,345.4828660436081,0.08187566666666668,144968,4373.709347009659,35.69610797405243,250
581,492.592592592582,0.08029233333333341,145218,4381.9112956523895,34.31974024772644,250
582,383.87096774192696,0.07870900000000003,145468,4389.775479316711,24.205079944610596,250
583,350.5494505494458,0.07712566666666676,145718,4397.636570930481,30.453156973838805,250
584,356.9536423840991,0.07554233333333338,145968,4405.72486615181,28.610439943313597,250
585,269.8630136986316,0.073959,146218,4413.847528457642,37.808885128974914,250
586,430.7692307692252,0.07237566666666673,146468,4421.563876152039,30.274515362739564,250
587,382.49027237353584,0.07079233333333335,146718,4429.3513078689575,36.050535959243774,250
588,377.94117647058283,0.06920900000000008,146968,4437.392242431641,23.114521324157714,250
589,278.04878048780034,0.0676256666666667,147218,4445.7185661792755,30.796267408370973,250
590,376.66666666666185,0.06604233333333343,147468,4453.738927364349,33.348871998786926,250
591,118.43003412969716,0.06445900000000004,147718,4461.809783935547,25.395680561065674,250
592,458.3596214510955,0.06287566666666666,147968,4470.097788572311,28.48072155380249,250
593,387.0848708487047,0.06129233333333339,148218,4477.987721204758,31.930203601837157,250
594,489.6551724137834,0.05970900000000001,148468,4485.948447465897,33.771332067489624,250
595,316.90962099125096,0.05812566666666674,148718,4494.330267906189,26.883670540809632,250
596,299.99999999999557,0.05654233333333336,148968,4502.397978305817,28.533429822921754,250
597,312.7516778523464,0.05495900000000009,149218,4510.522398948669,35.21917227363586,250
598,601.8181818181688,0.05337566666666671,149468,4518.354211807251,32.17471874427795,250
599,563.2996632996505,0.05179233333333333,149718,4526.400068283081,32.64300015068054,250
600,431.14754098359936,0.05020900000000006,149968,4534.631026268005,35.12508222579956,250
601,293.93939393938496,0.05,150218,4542.816907167435,28.06815233898163,250
602,342.44604316545633,0.05,150468,4550.744105577469,36.36045728969574,250
603,510.0386100385975,0.05,150718,4558.4953372478485,35.558021008491515,250
604,466.17647058823036,0.05,150968,4566.371980428696,31.359298053741455,250
605,512.0401337792567,0.05,151218,4574.454738855362,36.70511742973328,250
606,478.94736842104084,0.05,151468,4582.543811798096,29.581347787857055,250
607,516.4874551971214,0.05,151718,4590.494007349014,33.07500113487244,250
608,465.21739130433906,0.05,151968,4598.384687423706,31.85529852294922,250
609,336.06557377048654,0.05,152218,4606.491100549698,29.866482330322267,250
610,588.7159533073833,0.05,152468,4614.452061891556,31.381208960533144,250
611,632.8244274809065,0.05,152718,4622.504713058472,40.052636929512026,250
612,486.20689655171714,0.05,152968,4630.407005786896,36.5015051574707,250
613,419.53124999999613,0.05,153218,4638.285156965256,43.932326281547546,250
614,534.5514950166008,0.05,153468,4646.487062692642,37.37473628139496,250
615,504.43037974682557,0.05,153718,4654.594518184662,44.68787156963349,250
616,410.135135135132,0.05,153968,4662.46984910965,38.26004838180542,250
617,486.0927152317824,0.05,154218,4670.564582824707,23.630218711853026,250
618,451.2367491166029,0.05,154468,4678.579921245575,30.32593180656433,250
619,268.0555555555477,0.05,154718,4686.563565254211,30.49269453048706,250
620,591.4893617021165,0.05,154968,4694.556623220444,39.28460347557068,250
621,432.2033898305007,0.05,155218,4702.963120222092,43.62418212413788,250
622,213.9931740614358,0.05,155468,4710.949010133743,38.43798375225067,250
623,522.3021582733714,0.05,155718,4719.01033115387,42.12455160140991,250
624,495.07042253520626,0.05,155968,4726.992285966873,48.29099195337295,250
625,498.0392156862624,0.05,156218,4735.21666431427,34.01321406555176,250
626,273.0158730158773,0.05,156468,4743.193434476852,37.96005833911896,250
627,561.0169491525338,0.05,156718,4751.410378456116,40.66932221698761,250
628,456.7010309278267,0.05,156968,4759.491096735001,32.52857814598084,250
629,278.88198757763126,0.05,157218,4767.8147830963135,45.64114302158356,250
630,362.0253164556934,0.05,157468,4776.037135362625,44.594347393989565,250
631,345.7364341085198,0.05,157718,4783.921560287476,34.44337456989288,250
632,363.33333333333024,0.05,157968,4791.887228727341,39.199031005859375,250
633,530.5084745762624,0.05,158218,4799.924588918686,42.161884973526,250
634,548.148148148138,0.05,158468,4807.756847858429,34.69030604362488,250
635,509.67741935483184,0.05,158718,4816.085396766663,40.88815184211731,250
636,167.64705882353215,0.05,158968,4824.557900428772,50.023676081657406,250
637,671.9298245613905,0.05,159218,4832.638561248779,34.69197597885132,250
638,539.7306397306263,0.05,159468,4840.758330106735,35.35741486549377,250
639,667.0250896057221,0.05,159718,4848.816034555435,32.62938946533203,250
640,522.9508196721241,0.05,159968,4856.990264415741,37.6595034570694,250
641,487.5706214689178,0.05,160218,4865.776799201965,39.93254341125488,250
642,320.6642066420555,0.05,160468,4873.831758260727,47.13847547721863,250
643,564.3356643356583,0.05,160718,4881.880570650101,35.30650753307343,250
644,394.2965779467575,0.05,160968,4889.931306362152,43.125849609375,250
645,452.5525525525452,0.05,161218,4898.1796844005585,47.205330589294434,250
646,549.3055555555483,0.05,161468,4906.160603523254,46.08923772907257,250
647,550.3496503496423,0.05,161718,4914.2603058815,62.222755181312564,250
648,476.7918088737104,0.05,161968,4922.301191329956,39.70506438064575,250
649,587.4999999999895,0.05,162218,4930.60623717308,54.25866735267639,250
650,511.5107913668962,0.05,162468,4938.814908027649,39.91942229747772,250
651,621.8309859154797,0.05,162718,4947.008837938309,49.05512315177918,250
652,403.1249999999907,0.05,162968,4955.3900847435,49.32422875022888,250
653,291.30434782607665,0.05,163218,4963.678076267242,50.49028992938995,250
654,709.5238095238026,0.05,163468,4971.543505430222,40.37354592704773,250
655,402.9940119760393,0.05,163718,4979.943417072296,61.59645275688171,250
656,466.5529010238778,0.05,163968,4988.165544748306,61.69848257827759,250
657,553.6964980544656,0.05,164218,4996.050167560577,66.5342980890274,250
658,393.58974358974194,0.05,164468,5004.291605234146,54.35175838184357,250
659,605.0847457627027,0.05,164718,5012.457643508911,40.749985315322874,250
660,506.38297872339666,0.05,164968,5020.664410829544,46.477611490249636,250
661,325.3731343283477,0.05,165218,5028.823791742325,43.47143627738953,250
662,583.5016835016722,0.05,165468,5036.9359476566315,62.65937079811096,250
663,315.73033707863976,0.05,165718,5044.859049320221,44.96955578804016,250
664,506.4516129032187,0.05,165968,5053.106785535812,47.99518908882141,250
665,333.77483443707564,0.05,166218,5061.1991856098175,43.901821279525755,250
666,723.5294117646905,0.05,166468,5069.274302721024,38.11512341880798,250
667,604.5454545454442,0.05,166718,5077.471749544144,57.644897842407225,250
668,627.2727272727197,0.05,166968,5085.563187837601,32.21992735385895,250
669,761.9528619528465,0.05,167218,5093.79881978035,37.43239028453827,250
670,429.41176470586953,0.05,167468,5102.170097589493,43.78701340866089,250
671,346.80851063828646,0.05,167718,5110.477506875992,64.10163375091552,250
672,614.7651006711301,0.05,167968,5118.586841583252,55.43321672058106,250
673,550.943396226405,0.05,168218,5126.925723791122,52.131498573303226,250
674,365.9498207885282,0.05,168468,5135.172783613205,47.94348773002625,250
675,452.083333333322,0.05,168718,5143.288928747177,50.40322924041748,250
676,655.5555555555414,0.05,168968,5151.20041513443,42.9615095539093,250
677,683.5051546391604,0.05,169218,5159.416628360748,43.871866213798526,250
678,478.5953177257418,0.05,169468,5167.613514184952,42.57867422676087,250
679,498.6842105263021,0.05,169718,5175.862987518311,52.994688166618346,250
680,640.5063291139147,0.05,169968,5184.212042093277,55.19701025295257,250
681,617.5324675324582,0.05,170218,5192.5053169727325,44.37376571750641,250
682,626.6435986159098,0.05,170468,5200.612015962601,45.28133540248871,250
683,820.2657807308874,0.05,170718,5208.800719976425,53.820758595466614,250
684,658.8652482269387,0.05,170968,5216.800961017609,44.375577939033505,250
685,607.4829931972677,0.05,171218,5225.030371427536,43.96793947410583,250
686,571.8266253869873,0.05,171468,5233.3972182273865,58.18593683338165,250
687,673.2342007434834,0.05,171718,5241.482524871826,59.29499771213531,250
688,369.99999999998624,0.05,171968,5249.544568538666,45.794793968200686,250
689,510.1694915254151,0.05,172218,5257.824599266052,52.0229158039093,250
690,466.1764705882242,0.05,172468,5265.792021274567,48.20947556495666,250
691,680.2197802197695,0.05,172718,5274.068889141083,54.77291099643707,250
692,644.336569579275,0.05,172968,5282.345534086227,56.392534481048585,250
693,506.5573770491729,0.05,173218,5290.6069922447205,65.56754768943787,250
694,524.183006535937,0.05,173468,5298.862583398819,47.431169706344605,250
695,634.0823970037354,0.05,173718,5306.86702299118,34.08856955718994,250
696,669.230769230758,0.05,173968,5314.83941078186,43.03245505142212,250
697,289.77635782748,0.05,174218,5323.023360013962,61.68605216598511,250
698,554.6762589927935,0.05,174468,5331.109181880951,48.968447760581974,250
699,745.5598455598293,0.05,174718,5339.020094156265,43.16526540374756,250
700,565.5518394648735,0.05,174968,5347.075060844421,61.06891733264923,250
701,726.7148014440359,0.05,175218,5355.410437583923,60.78138211154938,250
702,516.3141993957612,0.05,175468,5363.86557674408,56.48063502502441,250
703,684.3866171003589,0.05,175718,5371.997186183929,44.30196112442017,250
704,811.9718309858996,0.05,175968,5380.119418621063,60.31186412334442,250
705,707.2727272727136,0.05,176218,5388.084473848343,61.85740603637695,250
706,530.5970149253618,0.05,176468,5396.112353563309,50.40171276569367,250
707,542.8571428571283,0.05,176718,5404.092711210251,56.97887852478027,250
708,614.7651006711309,0.05,176968,5412.22464466095,57.94450622653961,250
709,649.9999999999906,0.05,177218,5420.174733400345,51.626832433700564,250
710,491.6666666666564,0.05,177468,5428.565474033356,49.47184000682831,250
711,684.5528455284465,0.05,177718,5436.619282722473,53.45933006477356,250
712,513.4969325153318,0.05,177968,5444.8571310043335,44.63005401134491,250
713,532.8671328671248,0.05,178218,5452.9401931762695,58.50774701881409,250
714,546.0481099656268,0.05,178468,5461.148772239685,50.17138277435303,250
715,447.40061162078865,0.05,178718,5469.538899183273,61.86873237133026,250
716,550.3067484662471,0.05,178968,5477.80041217804,51.209776968002316,250
717,363.08724832214705,0.05,179218,5485.891325712204,71.11695396995545,250
718,271.6012084592023,0.05,179468,5494.311021089554,38.9510016040802,250
719,517.1003717471984,0.05,179718,5502.382576227188,47.315304401397704,250
720,583.3333333333204,0.05,179968,5510.464262008667,54.976383187294005,250
721,150.7836990595659,0.05,180218,5518.956938743591,44.885046065330506,250
722,219.21824104234497,0.05,180468,5526.850383043289,60.97581166934967,250
723,324.24242424241663,0.05,180718,5535.094317436218,66.0941208524704,250
724,679.4117647058704,0.05,180968,5543.114004135132,59.20269627380371,250
725,535.1351351351295,0.05,181218,5551.1306257247925,57.100914686203005,250
726,501.4760147601401,0.05,181468,5559.081533908844,57.77158685016632,250
727,431.69014084506125,0.05,181718,5567.313369989395,75.95294137573242,250
728,609.2198581560197,0.05,181968,5575.396296739578,70.97089390563964,250
729,582.9268292682842,0.05,182218,5583.490581512451,59.20335573577881,250
730,472.3076923076871,0.05,182468,5591.836803197861,62.68381584835053,250
731,755.5555555555436,0.05,182718,5599.869296789169,67.02069072818756,250
732,547.0588235293999,0.05,182968,5607.823558330536,72.4810866355896,250
733,874.9103942652202,0.05,183218,5615.963680744171,73.43051724624634,250
734,697.8339350180408,0.05,183468,5624.0316553115845,73.85663156223298,250
735,28.57142857142783,0.05,183718,5632.395114660263,53.65650148391724,250
736,422.6586102718935,0.05,183968,5640.842846393585,75.82471497154236,250
737,276.20578778133984,0.05,184218,5649.1487283706665,69.93459350681304,250
738,511.4864864864768,0.05,184468,5657.315267086029,48.07887320899963,250
739,575.2411575562606,0.05,184718,5665.597529888153,64.83773900222778,250
740,568.8524590163829,0.05,184968,5673.95739364624,71.37556373596192,250
741,251.3513513513416,0.05,185218,5682.061487674713,50.03372396469116,250
742,530.3630363036232,0.05,185468,5690.411169528961,67.48224768447876,250
743,193.5483870967783,0.05,185718,5699.056285381317,72.55913683319092,250
744,529.8701298701216,0.05,185968,5707.301050901413,53.16886038398743,250
745,645.5197132616357,0.05,186218,5715.531130313873,59.331632432937624,250
746,717.1206225680833,0.05,186468,5723.616463661194,59.64985883331299,250
747,616.9811320754568,0.05,186718,5732.121843099594,55.871704656600954,250
748,661.2456747404748,0.05,186968,5740.369179964066,57.154888679504396,250
749,686.7132867132785,0.05,187218,5748.549055099487,75.85454073524475,250
750,518.5897435897374,0.05,187468,5756.881710290909,83.63181370544433,250
751,574.5762711864312,0.05,187718,5765.2701234817505,57.86228365421295,250
752,319.04761904760846,0.05,187968,5773.575342655182,75.95676634025574,250
753,601.8072289156556,0.05,188218,5781.913422584534,78.52146897697449,250
754,543.7499999999902,0.05,188468,5790.114696979523,61.83312368774414,250
755,603.5573122529536,0.05,188718,5797.946549654007,68.89040460968017,250
756,557.6576576576477,0.05,188968,5806.423100709915,71.25603565502166,250
757,539.705882352931,0.05,189218,5814.371240377426,73.42592730140686,250
758,758.5858585858431,0.05,189468,5822.455849409103,86.57777945709229,250
759,497.2696245733663,0.05,189718,5830.625561952591,57.75461175727844,250
760,485.0340136054352,0.05,189968,5838.6609473228455,70.32221578979492,250
761,669.5035460992807,0.05,190218,5846.948142290115,73.8589433479309,250
762,620.6896551724025,0.05,190468,5855.268583774567,82.47749625396729,250
763,852.205882352925,0.05,190718,5863.489370346069,74.34107102012635,250
764,660.7843137254765,0.05,190968,5871.563946962357,91.07341606521607,250
765,561.5384615384543,0.05,191218,5880.045763254166,78.30167385292053,250
766,342.7244582043243,0.05,191468,5888.517343997955,77.29517528915406,250
767,589.6551724137803,0.05,191718,5896.744320392609,76.26302060699463,250
768,691.6666666666523,0.05,191968,5904.503067731857,85.75596977043152,250
769,770.503597122287,0.05,192218,5912.769357442856,84.1129921169281,250
770,603.2967032966916,0.05,192468,5920.921451091766,74.45460349082947,250
771,535.2201257861524,0.05,192718,5929.451719522476,53.685748678207396,250
772,413.6186770427908,0.05,192968,5937.532947301865,88.42632853794098,250
773,413.10861423220115,0.05,193218,5945.652228593826,54.07323880004883,250
774,304.62427745664843,0.05,193468,5954.179348230362,79.31461844444274,250
775,605.2238805970043,0.05,193718,5962.3364934921265,66.95699073410034,250
776,518.3745583038794,0.05,193968,5970.4223737716675,101.51336925888062,250
777,271.16564417177085,0.05,194218,5978.694735527039,58.21368763923645,250
778,247.22222222221583,0.05,194468,5986.861728191376,74.649892827034,250
779,429.2207792207707,0.05,194718,5995.173070907593,73.4891988697052,250
780,259.9999999999924,0.05,194968,6003.34765791893,74.79485807323456,250
781,579.5774647887243,0.05,195218,6011.628272294998,88.67766062545776,250
782,607.6411960132795,0.05,195468,6019.9331130981445,68.13906943702698,250
783,612.3287671232754,0.05,195718,6028.2200837135315,91.06821027374268,250
784,454.7703180211964,0.05,195968,6036.287468671799,77.01101253223419,250
785,399.99999999999164,0.05,196218,6044.80119228363,63.89801794052124,250
786,594.7791164658502,0.05,196468,6052.8278551101685,73.98938732337952,250
787,650.9157509157434,0.05,196718,6060.9923214912415,80.28622813034058,250
788,842.5675675675499,0.05,196968,6069.201004743576,79.9938086795807,250
789,623.4726688102775,0.05,197218,6077.667741537094,93.03544871520997,250
790,723.72881355931,0.05,197468,6085.988812685013,63.59113984680176,250
791,694.3037974683424,0.05,197718,6094.665469884872,76.49178359222412,250
792,574.7404844290566,0.05,197968,6102.889159440994,88.24721862888336,250
793,744.5945945945793,0.05,198218,6110.910230875015,93.19914249420167,250
794,413.793103448263,0.05,198468,6118.96670293808,95.114727809906,250
795,601.6949152542236,0.05,198718,6127.194193124771,64.91006703186035,250
796,586.2068965517137,0.05,198968,6135.400419950485,99.83060047531129,250
797,552.9850746268518,0.05,199218,6143.4910254478455,116.36393088912963,250
798,551.0067114093829,0.05,199468,6151.815847635269,82.46720967864991,250
799,764.1114982578257,0.05,199718,6159.978832244873,85.09803972625733,250
800,695.6989247311711,0.05,199968,6168.10604763031,73.31002389526367,250
801,703.9867109634446,0.05,200218,6176.53293466568,98.95294863128662,250
802,580.5555555555437,0.05,200468,6184.682886123657,91.57061240959167,250
803,581.978798586562,0.05,200718,6193.015186071396,89.56660810852051,250
804,854.7169811320647,0.05,200968,6200.960862874985,92.49501786994934,250
805,754.0925266903804,0.05,201218,6209.091475725174,82.51156535339355,250
806,294.55782312923844,0.05,201468,6217.359765052795,67.69239357185364,250
807,267.60124610590697,0.05,201718,6225.739652633667,81.34801078796387,250
808,623.9057239057105,0.05,201968,6234.00900888443,85.26205018997193,250
809,681.144781144766,0.05,202218,6242.337141036987,52.42884809303284,250
810,597.5945017182039,0.05,202468,6250.648448467255,83.3721469707489,250
811,328.5714285714138,0.05,202718,6258.9119436740875,98.48461396980285,250
812,666.5505226480719,0.05,202968,6266.953996181488,61.76297999191284,250
813,413.5135135135077,0.05,203218,6275.101603984833,79.40954532051086,250
814,687.7697841726458,0.05,203468,6283.177894353867,96.61420587730407,250
815,632.8519855595559,0.05,203718,6291.251469612122,85.08177246475219,250
816,473.8255033556945,0.05,203968,6299.44753742218,102.88581130027771,250
817,656.6666666666597,0.05,204218,6307.58255815506,86.86905278015136,250
818,723.9700374531723,0.05,204468,6315.52002620697,126.72217448806762,250
819,576.0563380281604,0.05,204718,6323.530358076096,101.88248991584778,250
820,555.2901023890686,0.05,204968,6331.68982219696,91.85605505561828,250
821,634.8703170028679,0.05,205218,6340.538153409958,73.63953855895996,250
822,780.6451612903151,0.05,205468,6348.850496053696,105.33867422485352,250
823,718.4931506849204,0.05,205718,6357.1697516441345,90.50772065544129,250
824,364.4194756554173,0.05,205968,6365.419566869736,97.3537264919281,250
825,823.3716475095698,0.05,206218,6373.477066516876,103.21722142219544,250
826,755.670103092769,0.05,206468,6381.7223699092865,81.42181671714783,250
827,581.3880126182864,0.05,206718,6390.184327840805,93.39713507270812,250
828,717.5675675675521,0.05,206968,6398.484093427658,88.50769670391082,250
829,684.4522968197767,0.05,207218,6406.694364309311,83.46442794036865,250
830,685.7142857142713,0.05,207468,6414.851370334625,92.63419655609131,250
831,741.7266187050203,0.05,207718,6423.032348871231,109.59250785827636,250
832,688.5304659498108,0.05,207968,6431.137130975723,96.52674458122253,250
833,692.8802588996667,0.05,208218,6439.424072980881,78.03564918136597,250
834,691.3669064748045,0.05,208468,6447.518079280853,113.75281654739379,250
835,668.2119205297951,0.05,208718,6455.820561408997,87.23457553863526,250
836,647.2527472527363,0.05,208968,6463.924849510193,103.27903095817565,250
837,626.9841269841161,0.05,209218,6472.373043298721,99.56509079933167,250
838,716.793893129759,0.05,209468,6480.404907941818,85.38154233932495,250
839,555.8823529411651,0.05,209718,6488.923508405685,106.54840254974366,250
840,383.2826747720257,0.05,209968,6497.284218549728,104.038708776474,250
841,725.3424657534111,0.05,210218,6505.6856825351715,133.6171307258606,250
842,570.9265175718758,0.05,210468,6514.041622638702,91.7837960357666,250
843,639.1304347826017,0.05,210718,6522.143265724182,76.06577526283264,250
844,806.2499999999858,0.05,210968,6530.109580516815,70.5245455608368,250
845,774.5519713261538,0.05,211218,6538.21918463707,76.60087559509277,250
846,802.5270758122645,0.05,211468,6546.4523775577545,96.78084330558777,250
847,498.29059829058923,0.05,211718,6554.979963302612,84.52118579101563,250
848,662.0578778134918,0.05,211968,6563.292283773422,76.27137794876099,250
849,530.7189542483546,0.05,212218,6571.735118627548,119.25525240898132,250
850,588.3561643835507,0.05,212468,6579.927490711212,95.43765060806274,250
851,566.6666666666565,0.05,212718,6588.115571975708,109.95312866783142,250
852,533.0935251798494,0.05,212968,6596.221977233887,87.81645963573456,250
853,525.4416961130631,0.05,213218,6604.490847826004,89.6425352306366,250
854,649.152542372871,0.05,213468,6612.648858308792,84.69250514984131,250
855,903.2999999999851,0.05,213710,6620.2855706214905,89.45330813896558,242
856,438.1944444444334,0.05,213960,6628.6190593242645,116.97790561676025,250
857,479.1366906474681,0.05,214210,6636.816211462021,101.00648212623597,250
858,246.6666666666568,0.05,214460,6645.046810388565,92.45591164970398,250
859,299.99999999998715,0.05,214710,6652.989838600159,88.00024552154541,250
860,550.5190311418593,0.05,214960,6661.21642947197,90.15272847366333,250
861,642.8571428571277,0.05,215210,6669.483861207962,78.57887471771241,250
862,615.7534246575221,0.05,215460,6677.740488290787,124.37899006080627,250
863,236.41975308642483,0.05,215710,6686.18342423439,113.74502025985717,250
864,785.8131487889202,0.05,215960,6694.414941072464,98.9297894268036,250
865,621.4765100671038,0.05,216210,6702.706921339035,91.00910638809204,250
866,573.6842105263007,0.05,216460,6710.836767196655,87.20469471931457,250
867,633.9743589743499,0.05,216710,6719.220317363739,73.58989508628845,250
868,755.1236749116474,0.05,216960,6727.372869253159,88.98902229118347,250
869,569.9029126213446,0.05,217210,6735.7925753593445,84.74356387710571,250
870,667.5159235668638,0.05,217460,6744.118508338928,71.19698288345337,250
871,685.2564102563992,0.05,217710,6752.549521446228,90.63904357719422,250
872,598.9619377162528,0.05,217960,6760.9170298576355,104.207697473526,250
873,425.25252525251824,0.05,218210,6769.085828065872,106.48464527702332,250
874,289.9371069182257,0.05,218460,6777.483175992966,78.54285740089416,250
875,741.1552346570325,0.05,218710,6785.588489532471,74.04225294494628,250
876,755.7377049180213,0.05,218960,6793.881094932556,81.1607783088684,250
877,871.3114754098178,0.05,219210,6801.739120483398,86.61023342895508,250
878,610.3448275861916,0.05,219460,6809.894260644913,75.30608903503418,250
879,483.6298932384215,0.05,219710,6817.964705467224,109.62718704605102,250
880,871.7314487632373,0.05,219960,6826.110327720642,109.20652151298523,250
881,733.8870431893589,0.05,220210,6834.526816368103,117.62153219223022,250
882,204.79452054794731,0.05,220460,6842.5401113033295,77.98213849067687,250
883,573.1391585760404,0.05,220710,6850.860014677048,115.56990078163147,250
884,514.3344709897455,0.05,220960,6859.312890529633,120.0823413734436,250
885,478.0141843971535,0.05,221210,6867.699276208878,107.14984121322632,250
886,596.048632218834,0.05,221460,6876.151252985001,87.13109858322143,250
887,717.4904942965608,0.05,221710,6884.257005214691,116.14832242012024,250
888,236.63366336632953,0.05,221960,6892.332808732986,121.76274920845032,250
889,688.9273356401299,0.05,222210,6900.455248117447,103.31284016132355,250
890,854.7169811320667,0.05,222460,6908.521430015564,94.66895788002014,250
891,691.666666666652,0.05,222710,6916.853544473648,97.65479368972778,250
892,372.3032069970743,0.05,222960,6925.592215538025,71.08735996437073,250
893,724.175824175816,0.05,223210,6933.714326381683,123.19606555366516,250
894,675.2442996742532,0.05,223460,6942.072162151337,156.6492396736145,250
895,891.3793103448124,0.05,223710,6950.061456441879,103.6671116695404,250
896,630.263157894724,0.05,223960,6958.494868278503,92.52225166320801,250
897,461.7283950617195,0.05,224210,6967.050266742706,134.60305756187438,250
898,708.3623693379665,0.05,224460,6975.316566944122,87.90156363487243,250
899,821.5686274509648,0.05,224710,6983.326413869858,91.38998900604248,250
900,762.8762541805876,0.05,224960,6991.578112125397,102.63447075271607,250
901,772.5490196078256,0.05,225210,7000.0977149009705,113.20894292640686,250
902,741.0596026489966,0.05,225460,7008.436837434769,124.65211778831483,250
903,745.8781362007036,0.05,225710,7016.632991075516,91.192348651886,250
904,411.78451178449967,0.05,225960,7024.839372396469,139.27788416862487,250
905,499.3589743589664,0.05,226210,7033.283589839935,116.02548432922363,250
906,718.1818181818019,0.05,226460,7041.5215537548065,109.54630707740783,250
907,880.8429118773852,0.05,226710,7049.6286199092865,131.9845046005249,250
908,612.3745819397866,0.05,226960,7057.9547238349915,110.39068000793458,250
909,336.0465116279017,0.05,227210,7066.680852651596,108.72157753562928,250
910,578.7878787878657,0.05,227460,7075.128473520279,100.20679447364807,250
911,438.9408099688378,0.05,227710,7083.769877910614,73.18942048072815,250
912,593.6619718309742,0.05,227960,7091.818435668945,137.12796371459962,250
913,263.63636363635146,0.05,228210,7100.153296470642,116.56269442939758,250
914,600.3257328990138,0.05,228460,7108.549017429352,98.413953956604,250
915,764.5833333333171,0.05,228710,7116.782298088074,94.31741047859192,250
916,853.0685920577536,0.05,228960,7124.808266401291,133.71861016845702,250
917,811.1842105263019,0.05,229210,7133.088422298431,103.1712467803955,250
918,457.00325732898506,0.05,229460,7141.396800279617,123.93019450187683,250
919,671.7041800642949,0.05,229710,7149.725739002228,78.23492100143433,250
920,489.74358974357625,0.05,229960,7157.9331884384155,122.9900043373108,250
921,719.0789473684101,0.05,230210,7166.340542316437,158.99038773536682,250
922,885.3479853479752,0.05,230460,7174.328012943268,109.80109329605102,250
923,232.27848101265283,0.05,230710,7182.856190919876,126.40840935707092,250
924,837.0629370629221,0.05,230960,7190.966532468796,90.90094739341735,250
925,481.22743682308953,0.05,231210,7199.304933786392,125.61718190574646,250
926,911.399999999992,0.05,231432,7206.406318902969,110.40112343779555,222
927,550.8474576271061,0.05,231682,7214.801070690155,100.27791815948487,250
928,844.852941176453,0.05,231932,7223.001999139786,98.00394702911377,250
929,766.2207357859378,0.05,232182,7231.369708299637,136.59709956932068,250
930,431.91489361700854,0.05,232432,7239.7230541706085,125.32645069885254,250
931,750.9090909090771,0.05,232682,7247.867231369019,130.05135407829286,250
932,358.90410958902754,0.05,232932,7256.419344186783,141.3354176044464,250
933,366.4804469273716,0.05,233182,7265.089365720749,138.95080228424072,250
934,534.8684210526243,0.05,233432,7273.4878895282745,158.06457971763612,250
935,542.2764227642165,0.05,233682,7281.525229215622,102.7527835597992,250
936,516.1616161616043,0.05,233932,7289.8542284965515,145.58947409439088,250
937,672.5631768953001,0.05,234182,7297.953936100006,144.66955010604858,250
938,606.9597069596982,0.05,234432,7306.204699277878,118.82563472366333,250
939,741.9902255638941,0.05,234668,7313.764336109161,115.53048905275635,236
940,582.9268292682837,0.05,234918,7322.225749254227,106.32892672729493,250
941,516.6134185303417,0.05,235168,7330.869245290756,151.94149831581115,250
942,779.0035587188503,0.05,235418,7339.13907790184,131.33411394119264,250
943,872.1254355400555,0.05,235668,7347.315869569778,121.24788244056701,250
944,277.0491803278578,0.05,235918,7355.659671783447,82.67693902587891,250
945,708.5808580858011,0.05,236168,7363.922658920288,98.30938464164734,250
946,818.2156133828867,0.05,236418,7371.9584283828735,149.79767220115662,250
947,574.4868035190513,0.05,236668,7380.64150762558,138.82081149291992,250
948,664.7058823529314,0.05,236918,7388.910197019577,123.6231347846985,250
949,707.8291814946522,0.05,237168,7397.249512434006,136.96207917022704,250
950,495.46925566341895,0.05,237418,7405.776677846909,99.58874864959716,250
951,595.9999999999877,0.05,237668,7413.811125040054,132.04079357910157,250
952,647.4048442906502,0.05,237918,7422.149520397186,163.6777332172394,250
953,800.7633587786142,0.05,238168,7430.235817432404,129.00174969863892,250
954,613.7809187279032,0.05,238418,7438.352717399597,107.0177774143219,250
955,604.4673539518794,0.05,238668,7446.549072742462,114.90623790359497,250
956,600.3257328990138,0.05,238918,7454.889871120453,141.8514640388489,250
957,358.3333333333302,0.05,239168,7463.310793161392,158.79722642326354,250
958,227.97427652732577,0.05,239418,7471.7110114097595,124.49700412940979,250
959,750.7462686566998,0.05,239668,7479.733954668045,137.83282889938354,250
960,634.4827586206745,0.05,239918,7487.9701516628265,124.00154692840576,250
961,810.394265232965,0.05,240168,7496.328228235245,164.99258136558532,250
962,601.3888888888793,0.05,240418,7504.536727190018,152.9210087890625,250
963,574.0506329113815,0.05,240668,7512.992648363113,173.20346787261963,250
964,747.8964401294359,0.05,240918,7521.386092424393,177.9266785392761,250
965,673.381294964014,0.05,241168,7529.561571836472,132.01185179901123,250
966,601.6949152542286,0.05,241418,7537.899539232254,128.83102886772156,250
967,473.4265734265615,0.05,241668,7546.146821737289,162.79259942054748,250
968,711.3207547169704,0.05,241918,7554.221172571182,106.4212522277832,250
969,594.1580756013645,0.05,242168,7562.602451086044,170.33584841537476,250
970,312.5874125873994,0.05,242418,7570.936183929443,135.51966097068788,250
971,369.99999999998676,0.05,242668,7579.463025093079,138.83492897605896,250
972,844.4444444444325,0.05,242918,7587.369852304459,139.36271320915222,250
973,611.1111111111002,0.05,243168,7595.801080942154,151.0769493637085,250
974,718.4931506849163,0.05,243418,7604.066995382309,102.22929321479798,250
975,689.2720306513289,0.05,243668,7612.18577337265,139.80787304592133,250
976,740.6779661016819,0.05,243918,7620.35592341423,120.26186099624634,250
977,860.1593625497927,0.05,244168,7628.405920267105,161.57059930801393,250
978,246.15384615383843,0.05,244418,7637.023382425308,190.14758415222167,250
979,675.7575757575586,0.05,244668,7645.399472236633,187.69019126701355,250
980,880.9160305343398,0.05,244918,7653.470630645752,185.32756567955016,250
981,502.44648318042096,0.05,245168,7662.147036314011,109.44171812438965,250
982,582.6347305389082,0.05,245418,7670.732620239258,163.30080097389222,250
983,623.1833910034494,0.05,245668,7678.9345536231995,114.09613406181336,250
984,860.4316546762425,0.05,245918,7687.123824119568,176.09959643173218,250
985,778.7878787878636,0.05,246168,7695.2563507556915,138.08928303527833,250
986,438.940809968844,0.05,246418,7703.788998126984,166.9966327648163,250
987,697.7528089887514,0.05,246668,7711.94940829277,142.15999660682678,250
988,518.1818181818037,0.05,246918,7720.330012321472,141.06983565521242,250
989,684.0531561461689,0.05,247168,7728.578925848007,121.6454095878601,250
990,775.4325259515471,0.05,247418,7736.768265008926,115.18784896850586,250
991,857.4468085106301,0.05,247668,7744.930501461029,135.96519583511352,250
992,752.6315789473543,0.05,247918,7753.302028656006,146.6585449848175,250
993,627.5641025640937,0.05,248168,7761.838584423065,154.73807791900634,250
994,563.2996632996492,0.05,248418,7770.234808683395,167.70120298576356,250
995,708.3623693379667,0.05,248668,7778.505637407303,179.63433736991882,250
996,664.9122807017387,0.05,248918,7786.8476593494415,202.49139082717895,250
997,302.5974025973897,0.05,249168,7795.545770645142,149.21633041381835,250
998,569.1176470588118,0.05,249418,7803.851370811462,119.88510148239136,250
999,591.3183279742638,0.05,249668,7812.23631477356,124.6483044834137,250
1000,791.7910447761053,0.05,249918,7820.333102464676,193.6653375453949,250
